Mr. Robot;Apple TV+
Black Mirror;Youtube Premium
Black Mirror;Hulu
Black Mirror;Apple TV+
Breaking Bad;Hulu
Game of Thrones;Netflix
Game of Thrones;Disney+
Game of Thrones;Hulu
Casa de Papel;Youtube Premium
Casa de Papel;Canal+
Casa de Papel;Netflix
Peaky Blinders;Apple TV+
Peaky Blinders;Netflix
Peaky Blinders;Disney+
Sherlock;Youtube Premium
Sherlock;Hulu
Sherlock;Canal+
Stranger Things;Apple TV+
The Witcher;Amazon Prime Video
The Witcher;Canal+
The Witcher;Youtube Premium
Under the Dome;Hulu
